Phone,Name
415552048,James Smith
402445385,Mary Johnson
451393216,Robert Williams
424083726,Patricia Brown
439709626,Jennifer Jones
482394051,Michael Garcia
491023948,Linda Miller
472930412,David Davis
463829104,Elizabeth Rodriguez
415263748,William Martinez
409182736,Susan Hernandez
421039485,Joseph Lopez
435678123,Jessica Gonzalez
448901234,Thomas Wilson
452345678,Sarah Anderson
461234567,Christopher Thomas
478901234,Karen Taylor
483456789,Charles Moore
494567890,Nancy Jackson
405678901,Matthew Martin
416789012,Lisa Lee
427890123,Daniel Perez
438901234,Betty Thompson
449012345,Anthony White
450123456,Margaret Harris
461234567,Mark Sanchez
472345678,Sandra Clark
483456789,Donald Ramirez
494567890,Ashley Lewis
405678901,Steven Robinson
416789012,Kimberly Walker
427890123,Andrew Young
438901234,Donna Allen
449012345,Joshua King
450123456,Emily Wright
461234567,Kevin Scott
472345678,Michelle Torres
483456789,Brian Nguyen
494567890,Laura Hill
405678901,George Flores
411122233,Carol Green
422233344,Edward Adams
433344455,Amanda Nelson
444455566,Ronald Baker
455566677,Dorothy Hall
466677788,Jason Rivera
477788899,Alice Campbell
488899900,Jeffrey Mitchell
499900011,Amy Carter
400011122,Ryan Roberts
411122334,Jacob Gomez
422233445,Gary Phillips
433344556,Nicholas Evans
444455667,Abigail Turner
455566778,Eric Diaz
466677889,Helen Parker
477788990,Stephen Cruz
488899001,Janet Edwards
499900112,Jonathan Collins
400011223,Emily Reyes
411122334,Larry Stewart
422233445,Kathleen Morris
433344556,Justin Morales
444455667,Angela Murphy
455566778,Scott Cook
466677889,Catherine Rogers
477788990,Brandon Gutierrez
488899001,Pamela Ortiz
499900112,Gregory Morgan
400011223,Christine Cooper
412345678,Samuel Peterson
423456789,Debra Bailey
434567890,Raymond Reed
445678901,Janet Kelly
456789012,Patrick Howard
467890123,Carolyn Ramos
478901234,Jack Kim
489012345,Heather Foster
490123456,Dennis Ward
401234567,Diane Richardson
413579246,Jerry Watson
424680135,Julie Brooks
435791246,Tyler Chavez
446802357,Victoria Wood
457913468,Douglas James
468024579,Kelly Bennett
479135680,Peter Gray
480246791,Christina Mendoza
491357802,Adam Ruiz
402468913,Joan Hughes
419876543,Nathan Price
428765432,Evelyn Alvarez
437654321,Zachary Castillo
446543210,Virginia Sanders
455432109,Kyle Patel
464321098,Martha Myers
473210987,Walter Long
482109876,Judith Ross
491098765,Harold Foster
400987654,Andrea Jimenez
415151515,Jeremy Helene
425252525,Megan Porter
435353535,Keith Hunter
445454545,Ann Hicks
455555555,Roger Crawford
465656565,Jean Henry
475757575,Gerald Boyd
485858585,Alice Mason
495959595,Carl Morales
405050505,Doris Kennedy
414141414,Arthur Warren
424242424,Kathryn Dixon
434343434,Lawrence Ramos
444444444,Gloria Reyes
454545454,Dylan Burns
464646464,Teresa Gordon
474747474,Jordan Shaw
484848484,Sara Holmes
494949494,Jesse Rice
404040404,Lillian Robertson
412233445,Philip Hunt
423344556,Rose Black
434455667,Ralph Daniels
445566778,Theresa Palmer
456677889,Bruce Mills
467788990,Frances Wagner
478899001,Roy Harrison
489900112,Janice Washington
490011223,Eugene Sullivan
401122334,Wayne Marshall
411223344,Alice Ortiz
422334455,Louis Gomez
433445566,Billy Murray
444556677,Madison Freeman
455667788,Grace Wells
466778899,Alan Webb
477889900,Evelyn Simpson
488990011,Juan Tucker
499001122,Kathryn Porter
400112233,Louis Hunter
419988776,Bobby Hicks
428877665,Diana Crawford
437766554,Bryan Henry
446655443,Marie Boyd
455544332,Albert Mason
464433221,Willie Kennedy
473322110,Lori Warren
482110098,Joe Dixon
491100998,Julia Ramos
400099887,Randy Reyes
413311331,Kelly Burns
424422442,Howard Gordon
435533553,Terry Shaw
446644664,Bernice Holmes
457755775,Vincent Rice
468866886,Marilyn Robertson
479977997,Chris Hunt
480088008,Dana Black
491199119,Lynda Daniels
402200220,Melvin Palmer
418273645,Beatrice Mills
427364518,Clifton Wagner
436451827,Kristin Harrison
445182736,Eddie Washington
454182736,Verna Sullivan
463271625,Lowell Marshall
472162534,Hattie Ortiz
481053423,Ivan Gomez
490942312,Sonja Murray
409831201,Irving Freeman
417654321,Marian Wells
426543210,Rafael Webb
435432109,Genevieve Simpson
444321098,Wilbert Tucker
453210987,Nellie Porter
462109876,Darryl Hunter
471098765,Leigh Hicks
480987654,Robin Crawford
499876543,Guadalupe Henry
408765432,Corey Boyd
412121212,Jan Mason
423232323,Isabel Kennedy
434343434,Marcos Warren
445454545,Adrienne Dixon
456565656,Roderick Ramos
467676767,Candace Reyes
478787878,Kerry Burns
489898989,Dominic Gordon
490909090,Shelia Shaw
401010101,Lyle Holmes
415243162,Ada Rice
426354273,Randal Robertson
437465384,Estelle Hunt
448576495,Simon Black
459687506,Mable Daniels
460798617,Ramon Palmer
471809728,Nettie Mills
482910839,Alonzo Wagner
493021940,Kristine Harrison
404132051,Elias Washington